STOP_ID,STOP_NAME,latitude,longitude,TICKETZONE,ROUTEUSSP,geometry,
19970,Royal Park Railway Station (Parkville),-37.781193,144.952301,1,Upfield,c(2495798.8483493, 2413310.21104386)
19971,Flemington Bridge Railway Station (North Melbourne),-37.78814,144.939323,1,Upfield,c(2494656.13946131, 2412538.54040699)
19972,Macaulay Railway Station (North Melbourne),-37.794267,144.936166,1,Upfield,c(2494378.51090651, 2411858.34401394)
19973,North Melbourne Railway Station (West Melbourne),-37.807419,144.94257,1,"Flemington,Sunbury,Upfield,Werribee,Williamstown,Craigieburn",c(2494943.40980358, 2410399.01029085)
19974,Clifton Hill Railway Station (Clifton Hill),-37.788657,144.995417,1,"Mernda,Hurstbridge",c(2499596.85010841, 2412482.84775391)
19975,Victoria Park Railway Station (Abbotsford),-37.799158,144.994451,1,"Mernda,Hurstbridge",c(2499511.84425746, 2411317.3835099)
19976,Collingwood Railway Station (Abbotsford),-37.804526,144.99375,1,"Mernda,Hurstbridge",c(2499450.15562828, 2410721.59755041)
19977,North Richmond Railway Station (Richmond),-37.810398,144.9925,1,"Mernda,Hurstbridge",c(2499340.10676902, 2410069.87864626)
19978,West Richmond Railway Station (Richmond),-37.814949,144.991423,1,"Mernda,Hurstbridge",c(2499245.33969941, 2409564.7645896)
19979,Jolimont-MCG Railway Station (East Melbourne),-37.816527,144.984098,1,"Mernda,Hurstbridge",c(2498600.42285096, 2409389.54707769)
19983,Macleod Railway Station (Macleod),-37.726012,145.069143,2,Hurstbridge,c(2506095.61991902, 2419433.28358004)
19984,Watsonia Railway Station (Watsonia),-37.710958,145.083793,2,Hurstbridge,c(2507388.50141316, 2421102.98664563)
19985,Greensborough Railway Station (Greensborough),-37.703954,145.108247,2,Hurstbridge,c(2509545.48686018, 2421878.13045223)
19986,Montmorency Railway Station (Montmorency),-37.715296,145.121516,2,Hurstbridge,c(2510713.89718716, 2420617.95690059)
19987,Eltham Railway Station (Eltham),-37.71355,145.147822,2,Hurstbridge,c(2513033.44102364, 2420808.45153416)
19988,Diamond Creek Railway Station (Diamond Creek),-37.673297,145.158506,2,Hurstbridge,c(2513982.85558852, 2425274.27933658)
19989,Wattle Glen Railway Station (Wattle Glen),-37.663968,145.181615,2,Hurstbridge,c(2516023.36043247, 2426305.98069143)
19990,Hurstbridge Railway Station (Hurstbridge),-37.639398,145.192017,2,Hurstbridge,c(2516946.55317993, 2429030.95729721)
19991,Williamstown Railway Station (Williamstown),-37.867753,144.905323,1,Williamstown,c(2491670.20734478, 2403700.01947419)
19992,Williamstown Beach Railway Station (Williamstown),-37.863982,144.894484,1,Williamstown,c(2490716.06733109, 2404117.55882954)
19993,North Williamstown Railway Station (Williamstown),-37.857333,144.889069,1,Williamstown,c(2490238.72577507, 2404854.98787419)
19994,Newport Railway Station (Newport),-37.842718,144.8836,1,"Williamstown,Werribee",c(2489755.46705693, 2406476.51675383)
19995,Spotswood Railway Station (Spotswood),-37.830639,144.885933,1,"Williamstown,Werribee",c(2489959.2158141, 2407817.39113629)
19996,Yarraville Railway Station (Yarraville),-37.81585,144.889934,1,"Williamstown,Werribee",c(2490309.52932454, 2409459.19932261)
19997,Seddon Railway Station (Seddon),-37.809005,144.895672,1,"Williamstown,Werribee",c(2490813.91468813, 2410219.46941815)
20000,Watergardens Railway Station (Sydenham),-37.701129,144.77418,2,Sunbury,c(2480087.53177461, 2422173.47009093)
20001,Keilor Plains Railway Station (St Albans),-37.729279,144.793738,2,Sunbury,c(2481818.94484094, 2419053.22162982)
20002,St Albans Railway Station (St Albans),-37.744861,144.80005,2,Sunbury,c(2482378.95561169, 2417325.06623368)
20003,Ginifer Railway Station (St Albans),-37.760067,144.811348,2,Sunbury,c(2483377.97880635, 2415639.46725427)
20004,Albion Railway Station (Sunshine North),-37.777653,144.824704,"1,2",Sunbury,c(2484558.39669622, 2413689.93412802)
20005,Epping Railway Station (Epping),-37.652187,145.031068,2,Mernda,c(2502741.90862977, 2427628.27952457)
20006,Lalor Railway Station (Lalor),-37.665851,145.017193,2,Mernda,c(2501517.32235802, 2426112.14495725)
20007,Thomastown Railway Station (Thomastown),-37.680338,145.014279,2,Mernda,c(2501260.01610188, 2424504.41146736)
20008,Keon Park Railway Station (Thomastown),-37.69487,145.011884,2,Mernda,c(2501048.55617421, 2422891.65155354)
20009,Ruthven Railway Station (Reservoir),-37.707898,145.009517,2,Mernda,c(2500839.66995648, 2421445.80379075)
20010,Reservoir Railway Station (Reservoir),-37.716885,145.006996,"1,2",Mernda,c(2500617.3053028, 2420448.41692057)
20011,Regent Railway Station (Reservoir),-37.728403,145.002773,"1,2",Mernda,c(2500244.97513548, 2419170.12975049)
20012,Preston Railway Station (Preston),-37.738674,145.000522,"1,2",Mernda,c(2500046.53802835, 2418030.22247478)
20013,Bell Railway Station (Preston),-37.745562,145.000155,1,Mernda,c(2500014.17271663, 2417265.76803116)
20014,Thornbury Railway Station (Thornbury),-37.755052,144.998572,1,Mernda,c(2499874.68704301, 2416212.51984695)
20015,Croxton Railway Station (Northcote),-37.764101,144.997056,1,Mernda,c(2499741.13453124, 2415208.21990602)
20016,Northcote Railway Station (Northcote),-37.769865,144.995277,1,Mernda,c(2499584.4123807, 2414568.48985403)
20017,Merri Railway Station (Northcote),-37.777847,144.992972,1,Mernda,c(2499381.43004484, 2413682.59057873)
20019,Rushall Railway Station (Fitzroy North),-37.783217,144.992407,1,Mernda,c(2499331.68819692, 2413086.60007187)
20021,Sunshine Railway Station (Sunshine),-37.788536,144.832878,"1,2",Sunbury,c(2485280.59128197, 2412483.37416846)
20022,Tottenham Railway Station (West Footscray),-37.799251,144.862945,1,Sunbury,c(2487930.55702364, 2411298.38276943)
20023,West Footscray Railway Station (West Footscray),-37.801803,144.883985,1,Sunbury,c(2489783.83747246, 2411017.6131838)
20024,Middle Footscray Railway Station (Footscray),-37.802505,144.891472,1,Sunbury,c(2490443.25045897, 2410940.47802033)
20025,Footscray Railway Station (Footscray),-37.801083,144.903199,1,"Werribee,Williamstown,Sunbury",c(2491475.80087343, 2411099.4145517)
20026,South Kensington Railway Station (Kensington),-37.799531,144.925469,1,"Williamstown,Werribee",c(2493436.85533021, 2411273.42579723)
20030,Broadmeadows Railway Station (Broadmeadows),-37.683049,144.919613,2,Craigieburn,c(2492910.2468974, 2424200.64523092)
20031,Jacana Railway Station (Glenroy),-37.695131,144.915851,2,Craigieburn,c(2492579.61621388, 2422859.47219812)
20032,Glenroy Railway Station (Glenroy),-37.704536,144.91722,"1,2",Craigieburn,c(2492701.22815845, 2421815.79091587)
20033,Oak Park Railway Station (Oak Park),-37.71795,144.921519,"1,2",Craigieburn,c(2493081.53826655, 2420327.39526419)
20034,Pascoe Vale Railway Station (Pascoe Vale),-37.730756,144.928196,"1,2",Craigieburn,c(2493671.25572843, 2418906.60772264)
20035,Strathmore Railway Station (Strathmore),-37.743591,144.927316,1,Craigieburn,c(2493594.78841217, 2417482.07335632)
20036,Glenbervie Railway Station (Essendon),-37.74721,144.920939,1,Craigieburn,c(2493033.10463655, 2417079.97510077)
20037,Essendon Railway Station (Essendon),-37.756012,144.916198,1,Craigieburn,c(2492616.13598739, 2416102.73316184)
20038,Moonee Ponds Railway Station (Moonee Ponds),-37.765707,144.919161,1,Craigieburn,c(2492878.15394624, 2415026.95346264)
20039,Ascot Vale Railway Station (Ascot Vale),-37.775306,144.921821,1,Craigieburn,c(2493113.39303457, 2413961.80741711)
20040,Newmarket Railway Station (Flemington),-37.787328,144.928978,1,Craigieburn,c(2493744.86223247, 2412628.02869213)
20041,Kensington Railway Station (Kensington),-37.79378,144.930524,1,Craigieburn,c(2493881.57460861, 2411912.04540496)
20042,Box Hill Railway Station (Box Hill),-37.819222,145.121429,2,"Lilydale,Belgrave",c(2510691.53422071, 2409083.7272359)
22180,Southern Cross Railway Station (Melbourne City),-37.817936,144.951411,1,"Belgrave,Craigieburn,Cranbourne,Flemington,Frankston,Glen Waverley,Hurstbridge,Lilydale,Mernda,Pakenham,Sandringham,Sunbury,Upfield,Werribee,Williamstown,Alamein",c(2495722.50652044, 2409232.18701201)
40220,Roxburgh Park Railway Station (Roxburgh Park),-37.638231,144.935404,2,Craigieburn,c(2494299.64147687, 2429175.62309189)
40221,Craigieburn Railway Station (Craigieburn),-37.601817,144.94332,2,Craigieburn,c(2494995.85986932, 2433217.25329759)
44817,Coolaroo Railway Station (Coolaroo),-37.661003,144.926056,2,Craigieburn,c(2493476.62496873, 2426647.78708475)
45793,Lynbrook Railway Station (Lynbrook),-38.057341,145.249275,2,Cranbourne,c(2521878.2536899, 2382632.27808847)
45794,Cardinia Road Railway Station (Pakenham),-38.07129,145.437791,2,Pakenham,c(2538416.25754941, 2381024.2487439)
45795,South Morang Railway Station (South Morang),-37.649159,145.067032,2,Mernda,c(2505915.53468098, 2427962.68736968)
46468,Williams Landing Railway Station (Williams Landing),-37.869865,144.747445,2,Werribee,c(2477779.69802302, 2403440.2752169)
52095,Southland Railway Station (Cheltenham),-37.958756,145.049121,2,Frankston,c(2504317.29997532, 2393602.43182922)
52159,Middle Gorge Railway Station (South Morang),-37.644061,145.092144,2,Mernda,c(2508131.98413174, 2428526.61573399)
52160,Hawkstowe Railway Station (South Morang),-37.622995,145.097396,2,Mernda,c(2508597.85508498, 2430864.03946191)
52161,Mernda Railway Station (Mernda),-37.602548,145.100885,2,Mernda,c(2508908.25149505, 2433132.89838622)
15351,Sunbury Railway Station (Sunbury),-37.579091,144.727319,2,Sunbury,c(2475916.52373874, 2435706.33332638)
15353,Diggers Rest Railway Station (Diggers Rest),-37.627017,144.719922,2,Sunbury,c(2475278.82220664, 2430385.71754875)
19827,Stony Point Railway Station (Crib Point),-38.374235,145.221837,2,Stony Point,c(2519388.19172469, 2347460.30333002)
19828,Crib Point Railway Station (Crib Point),-38.366123,145.204043,2,Stony Point,c(2517834.99299206, 2348364.35754828)
19829,Morradoo Railway Station (Crib Point),-38.354033,145.189602,2,Stony Point,c(2516575.44205242, 2349709.17531694)
19830,Bittern Railway Station (Bittern),-38.33739,145.178027,2,Stony Point,c(2515567.00997425, 2351558.77584055)
19831,Hastings Railway Station (Hastings),-38.305659,145.18598,2,Stony Point,c(2516269.30421798, 2355080.0666141)
19832,Tyabb Railway Station (Tyabb),-38.259815,145.186401,2,Stony Point,c(2516316.08305502, 2360169.24635711)
19833,Somerville Railway Station (Somerville),-38.225342,145.176245,2,Stony Point,c(2515434.22369519, 2363997.79725662)
19834,Baxter Railway Station (Baxter),-38.194043,145.160526,2,Stony Point,c(2514063.57312457, 2367474.6691571)
19835,Glen Iris Railway Station (Glen Iris),-37.859308,145.058225,1,Glen Waverley,c(2505124.12038599, 2404639.89676078)
19836,Leawarra Railway Station (Frankston),-38.152034,145.139534,2,Stony Point,c(2512231.38495572, 2372140.82206606)
19837,Darling Railway Station (Malvern East),-37.868957,145.062951,"1,2",Glen Waverley,c(2505539.2904474, 2403568.69445453)
19838,East Malvern Railway Station (Malvern East),-37.87693,145.069393,"1,2",Glen Waverley,c(2506105.43200099, 2402683.37584621)
19839,Holmesglen Railway Station (Malvern East),-37.874402,145.090662,"1,2",Glen Waverley,c(2507976.87309729, 2402962.386779)
19840,Jordanville Railway Station (Mount Waverley),-37.873603,145.11209,2,Glen Waverley,c(2509862.18118095, 2403049.06224336)
19841,Flagstaff Railway Station (Melbourne City),-37.811981,144.955654,1,"Belgrave,Craigieburn,Cranbourne,Flemington,Glen Waverley,Hurstbridge,Lilydale,Mernda,Pakenham,Sunbury,Upfield,Alamein",c(2496095.76894816, 2409893.30195019)
19842,Melbourne Central Railway Station (Melbourne City),-37.809939,144.962594,1,"Belgrave,Craigieburn,Cranbourne,Flemington,Glen Waverley,Hurstbridge,Lilydale,Mernda,Pakenham,Sunbury,Upfield,Alamein",c(2496706.76549847, 2410120.20103009)
19843,Parliament Railway Station (Melbourne City),-37.811054,144.972911,1,"Belgrave,Craigieburn,Cranbourne,Flemington,Glen Waverley,Hurstbridge,Lilydale,Mernda,Pakenham,Sunbury,Upfield,Alamein",c(2497615.27539842, 2409996.75690804)
19844,Belgrave Railway Station (Belgrave),-37.909102,145.355291,2,Belgrave,c(2531244.17710349, 2399056.49882937)
19845,Tecoma Railway Station (Tecoma),-37.908118,145.342995,2,Belgrave,c(2530163.304409, 2399169.67640905)
19846,Upwey Railway Station (Upwey),-37.903691,145.331333,2,Belgrave,c(2529139.45199157, 2399664.66698511)
19847,Alamein Railway Station (Ashburton),-37.86832,145.079656,1,Alamein,c(2507009.11805453, 2403638.29612553)
19848,Ashburton Railway Station (Ashburton),-37.861968,145.081344,1,Alamein,c(2507158.24436608, 2404343.17889559)
19849,Burwood Railway Station (Glen Iris),-37.851563,145.080511,1,Alamein,c(2507085.91920163, 2405498.08308916)
19850,Hartwell Railway Station (Camberwell),-37.843985,145.07556,1,Alamein,c(2506650.89633319, 2406339.51349177)
19851,Willison Railway Station (Camberwell),-37.835716,145.070298,1,Alamein,c(2506188.43219802, 2407257.6339795)
19852,Riversdale Railway Station (Camberwell),-37.831505,145.069646,1,Alamein,c(2506131.38606867, 2407725.03836997)
19853,Camberwell Railway Station (Camberwell),-37.826567,145.058697,1,"Belgrave,Lilydale,Alamein",c(2505167.89226565, 2408273.74997773)
19854,Flinders Street Railway Station (Melbourne City),-37.818305,144.966964,1,"Belgrave,Craigieburn,Cranbourne,Flemington,Frankston,Glen Waverley,Hurstbridge,Lilydale,Mernda,Pakenham,Sandringham,Sunbury,Upfield,Werribee,Williamstown,Alamein",c(2497091.88726464, 2409191.81949388)
19855,Frankston Railway Station (Frankston),-38.14299,145.126162,2,"Stony Point,Frankston",c(2511060.60545983, 2373146.38398769)
19856,Kananook Railway Station (Seaford),-38.121742,145.135295,2,Frankston,c(2511864.59419372, 2375503.8910525)
19857,Seaford Railway Station (Seaford),-38.104021,145.12823,2,Frankston,c(2511247.71115654, 2377471.82478824)
19858,Carrum Railway Station (Carrum),-38.076504,145.122833,2,Frankston,c(2510778.29685924, 2380526.86697939)
19859,Bonbeach Railway Station (Bonbeach),-38.062945,145.11968,2,Frankston,c(2510503.51381592, 2382032.27490017)
19860,Chelsea Railway Station (Chelsea),-38.051955,145.116041,2,Frankston,c(2510185.65645417, 2383252.55349419)
19861,Edithvale Railway Station (Edithvale),-38.038056,145.108536,2,Frankston,c(2509528.69506004, 2384796.09973105)
19862,Aspendale Railway Station (Aspendale),-38.02722,145.10215,2,Frankston,c(2508969.36791301, 2385999.49614579)
19863,Mordialloc Railway Station (Mordialloc),-38.006583,145.087659,2,Frankston,c(2507699.15077331, 2388291.41654088)
19864,Parkdale Railway Station (Parkdale),-37.993079,145.076327,2,Frankston,c(2506705.11561805, 2389791.17522875)
19865,Mentone Railway Station (Mentone),-37.981865,145.065166,2,Frankston,c(2505725.5729077, 2391036.61075877)
19866,Cheltenham Railway Station (Cheltenham),-37.96665,145.054558,2,Frankston,c(2504794.61120991, 2392725.9819806)
19867,Upper Ferntree Gully Railway Station (Upper Ferntree Gully),-37.892672,145.30753,2,Belgrave,c(2527050.07994949, 2400894.69444969)
19868,Ferntree Gully Railway Station (Ferntree Gully),-37.881698,145.295251,2,Belgrave,c(2525973.81062407, 2402116.11714942)
19869,Boronia Railway Station (Boronia),-37.860452,145.284385,2,Belgrave,c(2525024.98389489, 2404477.11280884)
19870,Bayswater Railway Station (Bayswater),-37.84173,145.268136,2,Belgrave,c(2523601.01301525, 2406559.18788728)
19871,Heathmont Railway Station (Heathmont),-37.828322,145.244555,2,Belgrave,c(2521529.30797199, 2408052.90465044)
19872,Highett Railway Station (Highett),-37.948425,145.041872,2,Frankston,c(2503680.76198803, 2394749.41706286)
19873,Glen Waverley Railway Station (Glen Waverley),-37.879504,145.162058,2,Glen Waverley,c(2514257.23752885, 2402387.77603534)
19874,Syndal Railway Station (Glen Waverley),-37.87623,145.14978,2,Glen Waverley,c(2513177.66483404, 2402752.92924363)
19875,Mount Waverley Railway Station (Mount Waverley),-37.875255,145.128056,2,Glen Waverley,c(2511266.61930475, 2402863.93038692)
19876,Lilydale Railway Station (Lilydale),-37.755518,145.34771,2,Lilydale,c(2530639.79234407, 2416104.84144181)
19877,Mooroolbark Railway Station (Mooroolbark),-37.784749,145.312402,2,Lilydale,c(2527517.90512017, 2412871.44476929)
19878,Croydon Railway Station (Croydon),-37.795437,145.280598,2,Lilydale,c(2524713.03132544, 2411693.95071926)
19879,Ringwood East Railway Station (Ringwood East),-37.811968,145.250191,2,Lilydale,c(2522030.24263652, 2409866.69824958)
19880,Pakenham Railway Station (Pakenham),-38.080614,145.486379,2,Pakenham,c(2542674.49494992, 2379968.59758622)
19881,Officer Railway Station (Officer),-38.066146,145.410987,2,Pakenham,c(2536066.69861108, 2381605.70823798)
19882,Beaconsfield Railway Station (Beaconsfield),-38.050831,145.366074,2,Pakenham,c(2532131.92362569, 2383321.74415263)
19883,Berwick Railway Station (Berwick),-38.040408,145.345726,2,Pakenham,c(2530350.13584144, 2384485.35426277)
19884,Narre Warren Railway Station (Narre Warren),-38.027809,145.303969,2,Pakenham,c(2526688.95935655, 2385896.32450161)
19885,Hallam Railway Station (Hallam),-38.01774,145.269777,2,Pakenham,c(2523690.07441114, 2387023.00471216)
19886,Cranbourne Railway Station (Cranbourne),-38.099537,145.280599,2,Cranbourne,c(2524613.60332366, 2377940.85522628)
19887,Merinda Park Railway Station (Cranbourne North),-38.079,145.263511,2,Cranbourne,c(2523121.04286746, 2380224.76535032)
19888,Dandenong Railway Station (Dandenong),-37.989968,145.209725,2,"Pakenham,Cranbourne",c(2518423.61325917, 2390118.87021848)
19889,Yarraman Railway Station (Noble Park),-37.978255,145.1916,2,"Pakenham,Cranbourne",c(2516834.06524462, 2391422.32130685)
19890,Noble Park Railway Station (Noble Park),-37.966628,145.176325,2,"Pakenham,Cranbourne",c(2515494.416052, 2392715.45302026)
19891,Sandown Park Railway Station (Springvale),-37.956505,145.162826,2,"Pakenham,Cranbourne",c(2514310.17126025, 2393841.16370857)
19892,East Camberwell Railway Station (Camberwell),-37.825894,145.06819,1,"Lilydale,Belgrave",c(2506003.64457052, 2408347.88993457)
19893,Canterbury Railway Station (Canterbury),-37.824485,145.081224,"1,2","Lilydale,Belgrave",c(2507151.24577619, 2408503.3654802)
19894,Chatham Railway Station (Surrey Hills),-37.8243,145.088648,"1,2","Lilydale,Belgrave",c(2507804.84496184, 2408523.31943212)
19895,Surrey Hills Railway Station (Surrey Hills),-37.824148,145.098775,"1,2","Lilydale,Belgrave",c(2508696.42992602, 2408539.31290869)
19896,Mont Albert Railway Station (Mont Albert),-37.819427,145.10553,"1,2","Lilydale,Belgrave",c(2509291.7072079, 2409062.64138173)
19897,Laburnum Railway Station (Blackburn),-37.82078,145.140703,2,"Lilydale,Belgrave",c(2512388.1939931, 2408908.47347946)
19898,Blackburn Railway Station (Blackburn),-37.820071,145.150014,2,"Lilydale,Belgrave",c(2513208.074143, 2408985.91399357)
19899,Nunawading Railway Station (Nunawading),-37.820428,145.175237,2,"Lilydale,Belgrave",c(2515428.69081217, 2408942.49434982)
19900,Mitcham Railway Station (Mitcham),-37.818087,145.192892,2,"Lilydale,Belgrave",c(2516983.60329332, 2409199.30888994)
19901,Heatherdale Railway Station (Ringwood),-37.818835,145.21355,2,"Lilydale,Belgrave",c(2518802.22665594, 2409112.4087425)
19902,Ringwood Railway Station (Ringwood),-37.81566,145.229474,2,"Lilydale,Belgrave",c(2520205.10097524, 2409461.53251032)
19903,Auburn Railway Station (Hawthorn East),-37.822398,145.045844,1,"Belgrave,Lilydale,Alamein",c(2504036.5987498, 2408737.07706051)
19904,Glenferrie Railway Station (Hawthorn),-37.821467,145.036439,1,"Belgrave,Lilydale,Alamein",c(2503208.62667298, 2408840.77003885)
19905,Hawthorn Railway Station (Hawthorn),-37.821826,145.022899,1,"Belgrave,Lilydale,Alamein",c(2502016.55081229, 2408801.29605922)
19906,Burnley Railway Station (Burnley),-37.82756,145.007555,1,"Belgrave,Glen Waverley,Lilydale,Alamein",c(2500665.61858679, 2408165.10964267)
19907,East Richmond Railway Station (Richmond),-37.8264,144.997066,1,"Belgrave,Glen Waverley,Lilydale,Alamein",c(2499742.23471646, 2408293.879223)
19908,Richmond Railway Station (Richmond),-37.824074,144.990164,1,"Belgrave,Cranbourne,Frankston,Glen Waverley,Lilydale,Pakenham,Sandringham,Alamein",c(2499134.59853522, 2408551.99170334)
19909,Heyington Railway Station (Toorak),-37.834672,145.022635,1,Glen Waverley,c(2501992.9795649, 2407375.55412061)
19910,Kooyong Railway Station (Kooyong),-37.839929,145.033552,1,Glen Waverley,c(2502953.74506398, 2406791.79580089)
19911,Tooronga Railway Station (Malvern),-37.849366,145.041734,1,Glen Waverley,c(2503673.46489033, 2405744.11624762)
19912,Gardiner Railway Station (Glen Iris),-37.853279,145.051655,1,Glen Waverley,c(2504546.34670581, 2405309.38569624)
19913,Springvale Railway Station (Springvale),-37.949509,145.153452,2,"Pakenham,Cranbourne",c(2513487.6037862, 2394619.04223368)
19914,Westall Railway Station (Clayton South),-37.938491,145.138833,2,"Pakenham,Cranbourne",c(2512204.51611494, 2395843.93855372)
19915,Clayton Railway Station (Clayton),-37.924683,145.120534,2,"Pakenham,Cranbourne",c(2510597.88570027, 2397378.71721056)
19916,Huntingdale Railway Station (Oakleigh),-37.911017,145.102364,"1,2","Pakenham,Cranbourne",c(2509002.01365129, 2398897.41250917)
19917,Oakleigh Railway Station (Oakleigh),-37.900372,145.088308,"1,2","Pakenham,Cranbourne",c(2507767.09316922, 2400080.15835649)
19918,Hughesdale Railway Station (Hughesdale),-37.894881,145.077635,"1,2","Pakenham,Cranbourne",c(2506828.92206256, 2400690.42827114)
19919,Murrumbeena Railway Station (Murrumbeena),-37.890198,145.067375,1,"Pakenham,Cranbourne",c(2505926.8717543, 2401210.88311957)
19920,Carnegie Railway Station (Carnegie),-37.886241,145.058575,1,"Pakenham,Cranbourne",c(2505153.07240956, 2401650.5891066)
19921,Werribee Railway Station (Werribee),-37.899378,144.661118,2,Werribee,c(2470195.99107241, 2400141.03967432)
19922,Hoppers Crossing Railway Station (Hoppers Crossing),-37.883276,144.700955,2,Werribee,c(2473694.00242007, 2401939.94425254)
19923,Laverton Railway Station (Laverton),-37.863694,144.772617,"1,2",Werribee,c(2479992.78602267, 2404130.77666682)
19924,Aircraft Railway Station (Laverton),-37.866606,144.760809,2,Werribee,c(2478954.59894798, 2403805.025399)
19925,Westona Railway Station (Altona),-37.865163,144.813494,"1,2",Werribee,c(2483589.94513153, 2403975.55365444)
19926,Altona Railway Station (Altona),-37.867148,144.829645,"1,2",Werribee,c(2485011.42979772, 2403757.89826333)
19927,Seaholme Railway Station (Seaholme),-37.867842,144.840958,1,Werribee,c(2486006.95789271, 2403682.59448949)
19928,Westgarth Railway Station (Northcote),-37.780621,144.999233,1,Hurstbridge,c(2499932.95198471, 2413374.74105271)
19929,Dennis Railway Station (Northcote),-37.779187,145.008242,1,Hurstbridge,c(2500726.55263878, 2413533.86992938)
19930,Fairfield Railway Station (Fairfield),-37.779171,145.016905,1,Hurstbridge,c(2501489.67927784, 2413535.53702849)
19931,Alphington Railway Station (Alphington),-37.778394,145.031255,1,Hurstbridge,c(2502753.79437841, 2413621.45960446)
19932,Darebin Railway Station (Ivanhoe),-37.774963,145.038476,1,Hurstbridge,c(2503390.07328151, 2414002.01571903)
19933,Ivanhoe Railway Station (Ivanhoe),-37.768897,145.045425,"1,2",Hurstbridge,c(2504002.54082994, 2414674.98287071)
19934,Eaglemont Railway Station (Eaglemont),-37.763586,145.053943,"1,2",Hurstbridge,c(2504753.32323965, 2415264.03168404)
19935,Heidelberg Railway Station (Heidelberg),-37.757073,145.060686,"1,2",Hurstbridge,c(2505347.91096072, 2415986.52122154)
19936,Rosanna Railway Station (Rosanna),-37.742879,145.06614,2,Hurstbridge,c(2505829.58845722, 2417561.51156212)
19937,Moorabbin Railway Station (Moorabbin),-37.934353,145.036738,2,Frankston,c(2503230.12794696, 2396311.50750447)
19938,Patterson Railway Station (Bentleigh),-37.925149,145.03547,2,Frankston,c(2503119.04715467, 2397333.1312989)
19939,Bentleigh Railway Station (Bentleigh),-37.917425,145.036995,"1,2",Frankston,c(2503253.45449621, 2398190.38350569)
19940,McKinnon Railway Station (Mckinnon),-37.910309,145.038299,"1,2",Frankston,c(2503368.42438411, 2398980.15093102)
19941,Ormond Railway Station (Ormond),-37.903212,145.039613,"1,2",Frankston,c(2503484.30152153, 2399767.81615339)
19942,Glenhuntly Railway Station (Glen Huntly),-37.889719,145.042223,1,Frankston,c(2503714.50318799, 2401265.31935381)
19943,Caulfield Railway Station (Caulfield East),-37.877459,145.042525,1,"Frankston,Pakenham,Cranbourne",c(2503741.67897192, 2402626.04954707)
19944,Malvern Railway Station (Malvern),-37.866253,145.029294,1,Frankston,c(2502578.05331575, 2403870.25153997)
19945,Armadale Railway Station (Armadale),-37.856452,145.019326,1,Frankston,c(2501701.20248688, 2404958.28364002)
19946,Toorak Railway Station (Armadale),-37.850774,145.013909,1,Frankston,c(2501224.60666277, 2405588.55427305)
19947,Hawksburn Railway Station (South Yarra),-37.844591,145.002142,1,Frankston,c(2500189.05392805, 2406274.88572874)
19948,Sandringham Railway Station (Sandringham),-37.95033,145.004561,2,Sandringham,c(2500401.38085899, 2394538.78066695)
19949,Hampton Railway Station (Hampton),-37.937977,145.001471,2,Sandringham,c(2500129.83154641, 2395909.88751315)
19950,Brighton Beach Railway Station (Brighton),-37.926484,144.989154,"1,2",Sandringham,c(2499046.9597839, 2397185.47668619)
19951,Middle Brighton Railway Station (Brighton),-37.915134,144.996299,"1,2",Sandringham,c(2499675.07931312, 2398445.2873005)
19952,North Brighton Railway Station (Brighton),-37.904887,145.002605,"1,2",Sandringham,c(2500229.6166069, 2399582.62853307)
19953,Gardenvale Railway Station (Brighton),-37.896695,145.004168,1,Sandringham,c(2500367.12256624, 2400491.86305531)
19954,Elsternwick Railway Station (Elsternwick),-37.884753,145.000898,1,Sandringham,c(2500079.50815879, 2401817.32540257)
19955,Ripponlea Railway Station (Ripponlea),-37.875906,144.995237,1,Sandringham,c(2499581.47896739, 2402799.24752675)
19956,Balaclava Railway Station (Balaclava),-37.869488,144.993512,1,Sandringham,c(2499429.69107347, 2403511.57154842)
19957,Windsor Railway Station (Windsor),-37.856053,144.992035,1,Sandringham,c(2499299.60620985, 2405002.70867893)
19958,Prahran Railway Station (Prahran),-37.849518,144.98986,1,Sandringham,c(2499108.11787802, 2405728.00305326)
19959,South Yarra Railway Station (South Yarra),-37.838449,144.992342,1,"Frankston,Pakenham,Sandringham,Cranbourne",c(2499326.47246201, 2406956.55808153)
19960,Upfield Railway Station (Coolaroo),-37.666078,144.94674,2,Upfield,c(2495301.82322105, 2426085.77807558)
19961,Gowrie Railway Station (Glenroy),-37.700678,144.958874,2,Upfield,c(2496373.97833304, 2422246.35362319)
19962,Fawkner Railway Station (Fawkner),-37.714621,144.960545,"1,2",Upfield,c(2496521.9811526, 2420698.98902003)
19963,Merlynston Railway Station (Coburg North),-37.720934,144.961314,"1,2",Upfield,c(2496590.06124849, 2419998.37594082)
19964,Batman Railway Station (Coburg North),-37.733523,144.962841,"1,2",Upfield,c(2496725.20220468, 2418601.25784336)
19965,Coburg Railway Station (Coburg),-37.742345,144.963336,1,Upfield,c(2496769.20998503, 2417622.1776863)
19966,Moreland Railway Station (Coburg),-37.754485,144.961823,1,Upfield,c(2496636.42977912, 2416274.77499529)
19967,Anstey Railway Station (Brunswick),-37.761242,144.960684,1,Upfield,c(2496536.36865965, 2415524.8083162)
19968,Brunswick Railway Station (Brunswick),-37.767721,144.959587,1,Upfield,c(2496439.99156758, 2414805.70494034)
19969,Jewell Railway Station (Brunswick),-37.774987,144.958717,1,Upfield,c(2496363.71245841, 2413999.24620435)
